{"cameraMode":{"drawMode":0,"name":"Shaded","section":"Shading Mode"},"sceneLighting":true,"audioPlay":false,"sceneViewState":{"showFog":true,"showMaterialUpdate":false,"showSkybox":true,"showFlares":true,"showImageEffects":true,"showParticleSystems":true},"in2DMode":false,"pivot":{"x":-52.70244216918945,"y":76.6387710571289,"z":27.25177764892578},"rotation":{"x":0.2441675364971161,"y":0.7541736364364624,"z":-0.40130242705345156,"w":0.45886901021003725},"size":3.4031238555908205,"orthographic":false}